Metric,Value
RMSE,0.004572526790821383
MAE,0.0031423345124830093
R2 Score,0.7661233318896347
