{"loss": [1.2259740829467773, 1.036061406135559, 0.9385445713996887, 0.8551588654518127, 0.7589002847671509, 0.7644597887992859, 0.696688175201416, 0.6863468885421753, 0.7771731615066528, 0.6739945411682129, 0.6479189991950989, 0.5677909851074219, 0.5577303767204285, 0.5329912304878235, 0.5454535484313965, 0.5106859803199768, 0.5116686820983887, 0.4925961196422577, 0.4892978370189667, 0.5140383243560791, 0.48930153250694275, 0.46252432465553284, 0.45898666977882385, 0.43227726221084595, 0.4057340919971466, 0.40022629499435425, 0.4168786406517029, 0.43923163414001465, 0.43816038966178894, 0.39636823534965515, 0.3656248152256012, 0.3796323239803314, 0.3616705536842346, 0.3770447075366974, 0.32296791672706604, 0.3443922698497772, 0.3265041410923004, 0.33770427107810974, 0.3288261890411377, 0.3286587595939636, 0.281189888715744, 0.3343896269798279, 0.3307549059391022, 0.30450373888015747, 0.2933904528617859, 0.3252074420452118, 0.31175941228866577], "accuracy": [0.4099999964237213, 0.5350000262260437, 0.6091370582580566, 0.6449999809265137, 0.7149999737739563, 0.699999988079071, 0.7450000047683716, 0.7549999952316284, 0.6899999976158142, 0.7799999713897705, 0.7715736031532288, 0.8223350048065186, 0.8199999928474426, 0.8349999785423279, 0.8650000095367432, 0.8500000238418579, 0.8399999737739563, 0.8199999928474426, 0.8700000047683716, 0.8299999833106995, 0.8700000047683716, 0.9049999713897705, 0.8700000047683716, 0.893401026725769, 0.893401026725769, 0.8999999761581421, 0.8730964660644531, 0.8799999952316284, 0.8899999856948853, 0.893401026725769, 0.8999999761581421, 0.8629441857337952, 0.913705587387085, 0.8949999809265137, 0.9200000166893005, 0.9187816977500916, 0.9200000166893005, 0.913705587387085, 0.9200000166893005, 0.9187816977500916, 0.949999988079071, 0.903553307056427, 0.9187816977500916, 0.949999988079071, 0.949999988079071, 0.9187816977500916, 0.9238578677177429], "val_loss": [1.0944550037384033], "val_accuracy": [0.5], "lr": [