{
    "r2_score": {
        "train": 0.9963878399766263,
        "test": 0.9924941316434412
    },
    "explained_variance": {
        "train": 0.9970271552559474,
        "test": 0.9956276584835259
    }
}