{
    "accuracy": 0.9918380411298712,
    "roc_auc": 0.9987424392565187,
    "confusion_matrix": [
        [
            7036,
            37
        ],
        [
            65,
            5359
        ]
    ],
    "classification_report": {
        "0": {
            "precision": 0.9908463596676524,
            "recall": 0.9947688392478439,
            "f1-score": 0.9928037251305206,
            "support": 7073.0
        },
        "1": {
            "precision": 0.9931430689399555,
            "recall": 0.9880162241887905,
            "f1-score": 0.9905730129390018,
            "support": 5424.0
        },
        "accuracy": 0.9918380411298712,
        "macro avg": {
            "precision": 0.9919947143038039,
            "recall": 0.9913925317183172,
            "f1-score": 0.9916883690347612,
            "support": 12497.0
        },
        "weighted avg": {
            "precision": 0.9918431869936484,
            "recall": 0.9918380411298712,
            "f1-score": 0.9918355421324573,
            "support": 12497.0
        }
    },
    "features_used": [
        "DllCharacteristics",
        "DebugSize",
        "DebugRVA",
        "MajorLinkerVersion",
        "MajorOSVersion",
        "ResourceSize"
    ]
}