Model,MAE,RMSE,R2_Score
Linear Regression,0.003142334512483025,0.004572526790821371,0.7661233318896358
Random Forest,0.0035235093915185474,0.005049950188988483,0.7147349478480346
SVR,0.06539807569099516,0.06585357618728889,-47.51020493787045
XGBoost,0.0036825579266215633,0.005248228638949476,0.691894199711716
