RMSE,MAE,R2 Score
0.007051333871432359,0.005402054389317819,0.574566233895439
