Metric,Value
RMSE,0.0022209338014764946
MAE,0.0015780944355479054
R2 Score,0.5903030423502238
