,Train_Accuracy,Test_Accuracy,Precision,Recall,F1_Score
Random_Forest,1.0,0.6498592270284106,0.6893808370805949,0.809175801867641,0.7444901008591708
XGBoost,0.7918479651906833,0.6598413104683901,0.6943111720356409,0.8225740966301258,0.7530198847797807
Stacking_LogReg,0.9203352956232403,0.6588175070386486,0.6834415584415584,0.85464880227365,0.7595165073065127
Stacking_SVM,0.9476580496544663,0.6600972613258255,0.6834788231490463,0.8583028826634186,0.7609791216702665
Stacking_RF,0.8612106475556693,0.6022523675454313,0.676504854368932,0.7072675598863175,0.6915442635966653
