,Model,Mean Accuracy,Standard Deviation
0,DT,0.9725345187501464,0.001058381803197368
1,RF,0.972692481035795,0.0007212693954696124
2,XGB,0.9767295965530274,0.0010420550772019814
